{
"作者":"张弘",
"站名":"TVB云播",
"主页url":"http://www.tvyb03.com/",
"热门推荐":"1",
"数组":"class=\"myui-vodlist__box&&</div>",
"图片":"data-original=\"&&\"",
"标题":"title=\"&&\"",
"链接":"href=\"&&\"",
"副标题":"<span class=\"tag\" style=\"background-color:#ff9900;\">&&</span>",
"搜索url":"http://www.tvyb03.com/{wd}----------{pg}---.html",
"搜索模式": "1",
"搜索数组": "<li>&&</li>",
"搜索图片": "data-original=\"&&\"",
"搜索标题": "title=\"&&\"",
"搜索链接": "href=\"&&\"",
"搜索后缀":"/vod/detail/id/",
"线路数组":"<div class=\"myui-panel__head bottom-line active clearfix\">&&</div>",
"线路标题":"title\">&&</h3>",
"播放数组":"class=\"myui-content__list scrollbar sort-list clearfix&&</ul>",
"状态":"状态：</em>&&</span>",
"导演":"导演：</span>&&</p>",
"主演":"主演：</span>&&</p>",
"简介":"class=\"sketch content\">&&</span>",
"播放列表":"<a&&/a>",
"播放标题":">&&<",
"播放链接":"href=\"\"",
"免嗅":"1",
"分类":"电影$1#电视剧$2#综艺$3#动漫$4",
"类型":"1--动作片$6#喜剧片$7#爱情片$8#科幻片$9#剧情片$10#恐怖片$11#战争片$12||2--国产剧$13#港台剧$14#日韩剧$15#欧美剧$16",
"分类url":"http://www.tvyb03.com/vod/show/area/{area}/by/{by}/class/{class}/id/{cateId}/lang/{lang}/page/{catePg}/year/{year}.html",
"筛选":"1"
}